{"Upload":{"Path":"data","Size":11,"StoredSize":11,"sha256":"b94d27b9934d3e08a52e52d7da7dabfac484efe37a5380ee9088f7ace2efcde9","md5":"5eb63bbbe01eeed093cb22bb8f5acdc3","StoredName":"/uploads/data/file.txt","Components":["uploads","data","file.txt"]},"SparseUpload":{"Path":"{\"DelegateAccessor\":\"data\",\"DelegatePath\":\"This is...","Size":21,"StoredSize":8,"sha256":"d2bc3dd9279837fd268d82ea397b6980dee5ae462464493c80f495786b4025c2","md5":"f55a5cc260e3fc562d841a2f6d2b7d22","StoredName":"/uploads/sparse/C%3A/file.sparse.txt","Components":["uploads","sparse","C:","file.sparse.txt"]}}
