{"Device":"sysfs","Mount":"/sys","FSType":"sysfs","Options":["rw","nosuid","nodev","noexec","relatime"]}
{"Device":"proc","Mount":"/proc","FSType":"proc","Options":["rw","nosuid","nodev","noexec","relatime"]}
{"Device":"udev","Mount":"/dev","FSType":"devtmpfs","Options":["rw","nosuid","relatime","size=4005364k","nr_inodes=1001341","mode=755","inode64"]}
{"Device":"devpts","Mount":"/dev/pts","FSType":"devpts","Options":["rw","nosuid","noexec","relatime","gid=5","mode=620","ptmxmode=000"]}
{"Device":"tmpfs","Mount":"/run","FSType":"tmpfs","Options":["rw","nosuid","nodev","noexec","relatime","size=808708k","mode=755","inode64"]}
{"Device":"/dev/sda3","Mount":"/","FSType":"ext4","Options":["rw","relatime","errors=remount-ro"]}
{"Device":"securityfs","Mount":"/sys/kernel/security","FSType":"securityfs","Options":["rw","nosuid","nodev","noexec","relatime"]}
{"Device":"tmpfs","Mount":"/dev/shm","FSType":"tmpfs","Options":["rw","nosuid","nodev","inode64"]}
{"Device":"tmpfs","Mount":"/run/lock","FSType":"tmpfs","Options":["rw","nosuid","nodev","noexec","relatime","size=5120k","inode64"]}
{"Device":"cgroup2","Mount":"/sys/fs/cgroup","FSType":"cgroup2","Options":["rw","nosuid","nodev","noexec","relatime","nsdelegate","memory_recursiveprot"]}
{"Device":"pstore","Mount":"/sys/fs/pstore","FSType":"pstore","Options":["rw","nosuid","nodev","noexec","relatime"]}
{"Device":"bpf","Mount":"/sys/fs/bpf","FSType":"bpf","Options":["rw","nosuid","nodev","noexec","relatime","mode=700"]}
{"Device":"systemd-1","Mount":"/proc/sys/fs/binfmt_misc","FSType":"autofs","Options":["rw","relatime","fd=29","pgrp=1","timeout=0","minproto=5","maxproto=5","direct","pipe_ino=26105"]}
{"Device":"hugetlbfs","Mount":"/dev/hugepages","FSType":"hugetlbfs","Options":["rw","relatime","pagesize=2M"]}
{"Device":"mqueue","Mount":"/dev/mqueue","FSType":"mqueue","Options":["rw","nosuid","nodev","noexec","relatime"]}
{"Device":"debugfs","Mount":"/sys/kernel/debug","FSType":"debugfs","Options":["rw","nosuid","nodev","noexec","relatime"]}
{"Device":"tracefs","Mount":"/sys/kernel/tracing","FSType":"tracefs","Options":["rw","nosuid","nodev","noexec","relatime"]}
{"Device":"fusectl","Mount":"/sys/fs/fuse/connections","FSType":"fusectl","Options":["rw","nosuid","nodev","noexec","relatime"]}
{"Device":"configfs","Mount":"/sys/kernel/config","FSType":"configfs","Options":["rw","nosuid","nodev","noexec","relatime"]}
{"Device":"ramfs","Mount":"/run/credentials/systemd-sysusers.service","FSType":"ramfs","Options":["ro","nosuid","nodev","noexec","relatime","mode=700"]}
{"Device":"vmware-vmblock","Mount":"/run/vmblock-fuse","FSType":"fuse.vmware-vmblock","Options":["rw","relatime","user_id=0","group_id=0","default_permissions","allow_other"]}
{"Device":"/dev/loop1","Mount":"/snap/core20/1974","FSType":"squashfs","Options":["ro","nodev","relatime","errors=continue","threads=single"]}
{"Device":"/dev/loop0","Mount":"/snap/bare/5","FSType":"squashfs","Options":["ro","nodev","relatime","errors=continue","threads=single"]}
{"Device":"/dev/loop2","Mount":"/snap/core20/2015","FSType":"squashfs","Options":["ro","nodev","relatime","errors=continue","threads=single"]}
{"Device":"/dev/loop3","Mount":"/snap/core22/858","FSType":"squashfs","Options":["ro","nodev","relatime","errors=continue","threads=single"]}
{"Device":"/dev/loop5","Mount":"/snap/firefox/2987","FSType":"squashfs","Options":["ro","nodev","relatime","errors=continue","threads=single"]}
{"Device":"/dev/loop6","Mount":"/snap/gnome-3-38-2004/143","FSType":"squashfs","Options":["ro","nodev","relatime","errors=continue","threads=single"]}
{"Device":"/dev/loop4","Mount":"/snap/core22/864","FSType":"squashfs","Options":["ro","nodev","relatime","errors=continue","threads=single"]}
{"Device":"/dev/loop7","Mount":"/snap/gnome-42-2204/141","FSType":"squashfs","Options":["ro","nodev","relatime","errors=continue","threads=single"]}
{"Device":"/dev/loop8","Mount":"/snap/gnome-42-2204/120","FSType":"squashfs","Options":["ro","nodev","relatime","errors=continue","threads=single"]}
{"Device":"/dev/loop9","Mount":"/snap/gtk-common-themes/1535","FSType":"squashfs","Options":["ro","nodev","relatime","errors=continue","threads=single"]}
{"Device":"/dev/sda3","Mount":"/var/snap/firefox/common/host-hunspell","FSType":"ext4","Options":["ro","noexec","noatime","errors=remount-ro"]}
{"Device":"/dev/loop13","Mount":"/snap/snapd-desktop-integration/83","FSType":"squashfs","Options":["ro","nodev","relatime","errors=continue","threads=single"]}
{"Device":"/dev/loop11","Mount":"/snap/snapd/19457","FSType":"squashfs","Options":["ro","nodev","relatime","errors=continue","threads=single"]}
{"Device":"/dev/loop10","Mount":"/snap/snap-store/959","FSType":"squashfs","Options":["ro","nodev","relatime","errors=continue","threads=single"]}
{"Device":"/dev/loop12","Mount":"/snap/snapd/20290","FSType":"squashfs","Options":["ro","nodev","relatime","errors=continue","threads=single"]}
{"Device":"/dev/sda2","Mount":"/boot/efi","FSType":"vfat","Options":["rw","relatime","fmask=0077","dmask=0077","codepage=437","iocharset=iso8859-1","shortname=mixed","errors=remount-ro"]}
{"Device":"binfmt_misc","Mount":"/proc/sys/fs/binfmt_misc","FSType":"binfmt_misc","Options":["rw","nosuid","nodev","noexec","relatime"]}
{"Device":"tmpfs","Mount":"/run/snapd/ns","FSType":"tmpfs","Options":["rw","nosuid","nodev","noexec","relatime","size=808708k","mode=755","inode64"]}
{"Device":"nsfs","Mount":"/run/snapd/ns/snapd-desktop-integration.mnt","FSType":"nsfs","Options":["rw"]}
{"Device":"tmpfs","Mount":"/run/user/1000","FSType":"tmpfs","Options":["rw","nosuid","nodev","relatime","size=808704k","nr_inodes=202176","mode=700","uid=1000","gid=1000","inode64"]}
{"Device":"gvfsd-fuse","Mount":"/run/user/1000/gvfs","FSType":"fuse.gvfsd-fuse","Options":["rw","nosuid","nodev","relatime","user_id=1000","group_id=1000"]}
{"Device":"portal","Mount":"/run/user/1000/doc","FSType":"fuse.portal","Options":["rw","nosuid","nodev","relatime","user_id=1000","group_id=1000"]}
{"Device":"nsfs","Mount":"/run/snapd/ns/firefox.mnt","FSType":"nsfs","Options":["rw"]}
