{
 "hunt_id": "H.CKRG32QRAB5N0",
 "version": "1698103703474436300",
 "create_time": "1698103691753341",
 "creator": "admin",
 "start_time": "1698103696663398",
 "expires": "1698708287198000",
 "hunt_description": "Test",
 "start_request": {
  "creator": "admin",
  "flow_id": "F.CKRG32QRAB5N0.H",
  "artifacts": [
   "Windows.Search.FileFinder"
  ],
  "specs": [
   {
    "artifact": "Windows.Search.FileFinder",
    "parameters": {
     "env": [
      {
       "key": "SearchFilesGlobTable",
       "value": "Glob\n"
      },
      {
       "key": "SearchFilesGlob",
       "value": "C:\\Program Files\\Velociraptor\\Velociraptor.exe"
      }
     ]
    }
   }
  ],
  "compiled_collector_args": [
   {
    "query_id": "1",
    "total_queries": "1",
    "precondition": "\nSELECT * FROM info() where OS = 'windows'\n",
    "env": [
     {
      "key": "SearchFilesGlob",
      "value": "C:\\Program Files\\Velociraptor\\Velociraptor.exe"
     },
     {
      "key": "SearchFilesGlobTable",
      "value": "Glob\n"
     },
     {
      "key": "Accessor",
      "value": "auto"
     },
     {
      "key": "YaraRule"
     },
     {
      "key": "Upload_File",
      "value": "N"
     },
     {
      "key": "Calculate_Hash",
      "value": "N"
     },
     {
      "key": "MoreRecentThan"
     },
     {
      "key": "ModifiedBefore"
     }
    ],
    "Query": [
     {
      "VQL": "\nLET SearchFilesGlobTable <= SELECT * FROM if(\n    condition=format(format=\"%T\", args=SearchFilesGlobTable) =~ \"string\",\n    then={SELECT * FROM parse_csv(filename=SearchFilesGlobTable, accessor='data')},\n    else=SearchFilesGlobTable)\n"
     },
     {
      "VQL": "LET Upload_File <= get(field='Upload_File') = TRUE OR get(field='Upload_File') =~ '^(Y|TRUE|YES|OK)$' "
     },
     {
      "VQL": "LET Calculate_Hash <= get(field='Calculate_Hash') = TRUE OR get(field='Calculate_Hash') =~ '^(Y|TRUE|YES|OK)$' "
     },
     {
      "VQL": "LET MoreRecentThan <= timestamp(epoch=MoreRecentThan)"
     },
     {
      "VQL": "LET ModifiedBefore <= timestamp(epoch=ModifiedBefore)"
     },
     {
      "VQL": "LET precondition_Windows_Search_FileFinder_0 = \nSELECT * FROM info() where OS = 'windows'\n"
     },
     {
      "VQL": "LET file_search = SELECT OSPath, get(item=Data, field=\"mft\") AS Inode, Mode.String AS Mode, Size, Mtime AS MTime, Atime AS ATime, Btime AS BTime, Ctime AS CTime, \"\" AS Keywords, IsDir, Data FROM glob(globs=SearchFilesGlobTable.Glob + SearchFilesGlob, accessor=Accessor)"
     },
     {
      "VQL": "LET more_recent = SELECT * FROM if(condition=MoreRecentThan, then={ SELECT * FROM file_search WHERE MTime > MoreRecentThan }, else=file_search)"
     },
     {
      "VQL": "LET modified_before = SELECT * FROM if(condition=ModifiedBefore, then={ SELECT * FROM more_recent WHERE MTime < ModifiedBefore  AND MTime > MoreRecentThan }, else=more_recent)"
     },
     {
      "VQL": "LET keyword_search = SELECT * FROM if(condition=YaraRule, then={ SELECT * FROM foreach(row={ SELECT * FROM modified_before WHERE NOT IsDir }, query={ SELECT OSPath, Inode, Mode, Size, MTime, ATime, CTime, BTime, str(str=String.Data) AS Keywords, IsDir, Data FROM yara(files=OSPath, key=\"A\", rules=YaraRule, accessor=Accessor) }) }, else=modified_before)"
     },
     {
      "VQL": "LET Windows_Search_FileFinder_0_4 = SELECT OSPath, Inode, Mode, Size, MTime, ATime, CTime, BTime, Keywords, IsDir, if(condition=Upload_File  and NOT IsDir, then=upload(file=OSPath, accessor=Accessor)) AS Upload, if(condition=Calculate_Hash  and NOT IsDir, then=hash(path=OSPath, accessor=Accessor)) AS Hash, Data FROM keyword_search"
     },
     {
      "Name": "Windows.Search.FileFinder",
      "VQL": "SELECT * FROM if(then=Windows_Search_FileFinder_0_4, condition=precondition_Windows_Search_FileFinder_0, else={SELECT * FROM scope() WHERE log(message='Query skipped due to precondition') AND FALSE})"
     }
    ],
    "max_row": "1000"
   }
  ]
 },
 "condition": {},
 "stats": {
  "total_clients_scheduled": "1",
  "total_clients_with_results": "1",
  "stopped": true,
  "available_downloads": {}
 },
 "artifacts": [
  "Windows.Search.FileFinder"
 ],
 "artifact_sources": [
  "Windows.Search.FileFinder"
 ],
 "state": "STOPPED"
}