{
 "client_id": "C.178fd3503f922ac6",
 "hostname": "Dev-U22W",
 "fqdn": "Dev-U22W",
 "system": "linux",
 "release": "ubuntu22.04",
 "architecture": "amd64",
 "ip_address": "127.0.0.1:35244",
 "ping": 1699579319648142,
 "client_version": "0.7.0-4",
 "client_name": "velociraptor",
 "first_seen_at": 1699578810,
 "build_time": "2023-11-10T12:21:17+11:00",
 "mac_addresses": [
  "00:0c:29:e7:5d:2a",
  "02:42:02:42:cc:b7"
 ],
 "last_interrogate_flow_id": "F.CL6O7EJCJTVR4",
 "last_interrogate_artifact_name": "Generic.Client.Info/BasicInformation",
 "last_hunt_timestamp": 1699578899813425,
 "last_event_table_version": 1699579291960427617
}