{
 "session_id": "F.1234",
 "request": {
  "artifacts": [
   "Custom.TestArtifactUpload"
  ]
 },
 "create_time": 1602103388000000000,
 "start_time": 1602103388000000000,
 "total_uploaded_files": 3,
 "total_expected_uploaded_bytes": 11,
 "total_uploaded_bytes": 11,
 "total_collected_rows": 1,
 "total_requests": 2,
 "state": 2,
 "artifacts_with_results": [
  "Custom.TestArtifactUpload"
 ],
 "query_stats": [
  {},
  {
   "names_with_response": [
    "Custom.TestArtifactUpload"
   ],
   "log_rows": 3,
   "result_rows": 1
  }
 ]
}