{
 "client_id": "C.178fd3503f922ac6",
 "session_id": "F.CL6O83JM7EVFE.H",
 "request": {
  "creator": "admin",
  "client_id": "C.178fd3503f922ac6",
  "flow_id": "F.CL6O83JM7EVFE.H",
  "artifacts": [
   "Linux.Mounts",
   "Linux.Network.Netstat"
  ],
  "specs": [
   {
    "artifact": "Linux.Mounts",
    "parameters": {}
   },
   {
    "artifact": "Linux.Network.Netstat",
    "parameters": {}
   }
  ],
  "compiled_collector_args": [
   {
    "query_id": 1,
    "total_queries": 2,
    "precondition": "SELECT OS From info() where OS = 'linux'\n",
    "env": [
     {
      "key": "ProcMounts",
      "value": "/proc/mounts"
     }
    ],
    "Query": [
     {
      "VQL": "LET precondition_Linux_Mounts_0 = SELECT OS From info() where OS = 'linux'\n"
     },
     {
      "VQL": "LET Linux_Mounts_0_0 = SELECT Device, Mount, FSType, split(string=Opts, sep=\",\") AS Options FROM parse_records_with_regex(file=ProcMounts, regex='(?m)^(?P\u003cDevice\u003e[^ ]+) (?P\u003cMount\u003e[^ ]+) (?P\u003cFSType\u003e[^ ]+) ' + '(?P\u003cOpts\u003e[^ ]+)')"
     },
     {
      "Name": "Linux.Mounts",
      "VQL": "SELECT * FROM if(then=Linux_Mounts_0_0, condition=precondition_Linux_Mounts_0, else={SELECT * FROM scope() WHERE log(message='Query skipped due to precondition') AND FALSE})"
     }
    ],
    "max_row": 1000
   },
   {
    "query_id": 2,
    "total_queries": 2,
    "precondition": "\nSELECT OS From info() where OS = 'linux'\n",
    "env": [
     {
      "key": "StateRegex",
      "value": "Listening|Established"
     }
    ],
    "Query": [
     {
      "VQL": "LET precondition_Linux_Network_Netstat_0 = \nSELECT OS From info() where OS = 'linux'\n"
     },
     {
      "VQL": "LET _X(x) = parse_string_with_regex(string=addr, regex=\"(..)(..)(..)(..):(....)\")"
     },
     {
      "VQL": "LET ParseAddress(addr) = dict(IP=format(format=\"%d.%d.%d.%d\", args=[int(int=\"0x\" + _X(x=addr).g4), int(int=\"0x\" + _X(x=addr).g3), int(int=\"0x\" + _X(x=addr).g2), int(int=\"0x\" + _X(x=addr).g1)]), Port=int(int=\"0x\" + _X(x=addr).g5))"
     },
     {
      "VQL": "LET StateLookup \u003c= dict(`01`=\"Established\", `02`=\"Syn Sent\", `06`=\"Time Wait\", `0A`=\"Listening\")"
     },
     {
      "VQL": "LET X = SELECT OSPath[2] AS Pid, Data.Link AS Filename, parse_string_with_regex(string=Data.Link, regex=\"(?P\u003cType\u003esocket|pipe):\\\\[(?P\u003cinode\u003e[0-9]+)\\\\]\") AS Details FROM glob(globs=\"/proc/*/fd/*\")"
     },
     {
      "VQL": "LET AllSockets \u003c= SELECT atoi(string=Pid) AS Pid, read_file(filename=\"/proc/\" + Pid + \"/comm\") AS Command, read_file(filename=\"/proc/\" + Pid + \"/cmdline\") AS CommandLine, Filename, Details.Type AS Type, Details.inode AS Inode FROM X WHERE Type =~ \"socket\""
     },
     {
      "VQL": "LET Linux_Network_Netstat_0_5 = SELECT inode, get(item=StateLookup, field=st) AS State, uid, { SELECT * FROM AllSockets WHERE Inode = inode LIMIT 1  } AS ProcessInfo, ParseAddress(addr=local_address) AS LocalAddr, ParseAddress(addr=rem_address) AS RemoteAddr FROM split_records(columns=[\"_\", \"sl\", \"local_address\", \"rem_address\", \"st\", \"queues\", \"tr_tm_when\", \"retransmit\", \"uid\", \"timeout\", \"inode\"], filenames=\"/proc/net/tcp\", regex=\" +\") WHERE sl =~ \":\"  AND State =~ StateRegex"
     },
     {
      "Name": "Linux.Network.Netstat",
      "VQL": "SELECT * FROM if(then=Linux_Network_Netstat_0_5, condition=precondition_Linux_Network_Netstat_0, else={SELECT * FROM scope() WHERE log(message='Query skipped due to precondition') AND FALSE})"
     }
    ],
    "max_row": 1000
   }
  ]
 },
 "create_time": 1699578899815582,
 "start_time": 1699578899823751,
 "active_time": 1699578906912149,
 "total_collected_rows": 82,
 "total_logs": 1913,
 "total_requests": 2,
 "execution_duration": 7088396000,
 "state": 2,
 "artifacts_with_results": [
  "Linux.Network.Netstat",
  "Linux.Mounts"
 ],
 "query_stats": [
  {
   "duration": 7088396000,
   "last_active": 1699578906912147,
   "first_active": 1699578899823751,
   "names_with_response": [
    "Linux.Network.Netstat"
   ],
   "log_rows": 1909,
   "result_rows": 38
  },
  {
   "duration": 7087434000,
   "last_active": 1699578906912149,
   "first_active": 1699578899824715,
   "names_with_response": [
    "Linux.Mounts"
   ],
   "log_rows": 4,
   "result_rows": 44
  }
 ]
}