{"_ts":1602103388,"client_time":1602103388,"level":"DEFAULT","message":"Starting collection of Custom.TestArtifactUpload\n"}
{"_ts":1602103388,"client_time":1602103388,"level":"DEFAULT","message":"Collecting file hello world into /uploads/data/file.txt (11 bytes)\n"}
{"_ts":1602103388,"client_time":1602103388,"level":"DEFAULT","message":"Collecting file {\"DelegateAccessor\":\"data\",\"DelegatePath\":\"This is... into /uploads/sparse/C%3A/file.sparse.txt (21 bytes)\n"}
{"_ts":1602103388,"client_time":1602103388,"level":"DEFAULT","message":"Collected 1 rows for Custom.TestArtifactUpload\n"}
{"_ts":1602103388,"client_time":1602103388,"level":"DEBUG","message":"Query Stats: {\"RowsScanned\":2,\"PluginsCalled\":1,\"FunctionsCalled\":4,\"ProtocolSearch\":0,\"ScopeCopy\":6}\n"}
