{
 "items": [
  {
   "session_id": "F.1234",
   "request_id": 1,
   "VQLClientAction": {
    "query_id": 1,
    "total_queries": 1,
    "Query": [
     {
      "VQL": "LET Custom_TestArtifactUpload_0_0 = SELECT upload(file=\"hello world\", accessor=\"data\", name=\"file.txt\") AS Upload, upload(file=pathspec(Path='[{\"length\":5,\"offset\":0},{\"length\":3,\"offset\":10}]', DelegateAccessor=\"data\", DelegatePath=\"This is a bit of text\"), accessor=\"sparse\", name=pathspec(Path=\"C:/file.sparse.txt\", path_type=\"windows\")) AS SparseUpload FROM scope()"
     },
     {
      "Name": "Custom.TestArtifactUpload",
      "VQL": "SELECT * FROM Custom_TestArtifactUpload_0_0"
     }
    ],
    "max_row": 1000
   }
  }
 ]
}