{
 "client_id": "C.a99faf363b5601fe",
 "hostname": "devlp",
 "fqdn": "devlp",
 "system": "windows",
 "release": "Microsoft Windows 11 Pro10.0.22621 Build 22621",
 "architecture": "amd64",
 "ip_address": "127.0.0.1:58437",
 "ping": 1698103706073618,
 "client_version": "0.7.0-3",
 "client_name": "velociraptor",
 "first_seen_at": 1698021918,
 "build_time": "2023-10-24T08:28:01+10:00",
 "mac_addresses": [
  "d4:93:90:26:a6:9c",
  "40:ec:99:0f:ce:b9",
  "42:ec:99:0f:ce:b8",
  "00:50:56:c0:00:01",
  "00:50:56:c0:00:08",
  "40:ec:99:0f:ce:b8",
  "40:ec:99:0f:ce:bc"
 ],
 "last_interrogate_flow_id": "F.CKQS47NCJLEAE",
 "last_interrogate_artifact_name": "Generic.Client.Info/BasicInformation",
 "last_hunt_timestamp": 1698103696663398,
 "last_event_table_version": 1698100130360772800
}