{"client_time":1698103696,"level":"INFO","message":"Starting query execution for Windows.Search.FileFinder.\n"}
{"client_time":1698103698,"level":"DEFAULT","message":"Windows.Search.FileFinder: Time 1: Windows.Search.FileFinder: Sending response part 0 330 B (1 rows)."}
{"client_time":1698103698,"level":"INFO","message":"Collection Windows.Search.FileFinder is done after 1.9158156s\n"}
{"client_time":1698103698,"level":"DEBUG","message":"Query Stats: {\"RowsScanned\":8,\"PluginsCalled\":9,\"FunctionsCalled\":10,\"ProtocolSearch\":154,\"ScopeCopy\":27}\n"}
