{"OSPath":"/tmp/\"ls\\with\\back:slash\"","Inode":null,"Mode":493,"Size":12,"ATime":"2022-10-16T01:25:01Z","MTime":"2022-10-16T16:20:20Z","CTime":"2022-10-16T16:20:20Z","Keywords":null,"Upload":{"Path":"/tmp/\"ls\\with\\back:slash\"","Size":12,"StoredSize":12,"sha256":"a948904f2f0f479b8f8197694b30184b0d2ed1c1cd2a1ec0fb85d299a192a447","md5":"6f5902ac237024bdd0c176cb93063dc4","StoredName":"/uploads/file/tmp/ls%5Cwith%5Cback%3Aslash","Components":["uploads","file","tmp","ls\\with\\back:slash"]},"Hash":null}
