{"Timestamp":1680585571852796,"Level":"DEFAULT","message":"Running query on behalf of user mic\n"}
{"Timestamp":1680585571852838,"Level":"DEFAULT","message":"\u003cgreen\u003eStarting\u003c/\u003e query execution.\n"}
{"Timestamp":1680585571855305,"Level":"DEFAULT","message":"Uploaded /File0.txt.json (37 bytes)\n"}
{"Timestamp":1680585571856397,"Level":"DEFAULT","message":"Uploaded /File1.txt.json (37 bytes)\n"}
{"Timestamp":1680585571857412,"Level":"DEBUG","message":"Query Stats: {\"RowsScanned\":2,\"PluginsCalled\":1,\"FunctionsCalled\":4,\"ProtocolSearch\":0,\"ScopeCopy\":6}\n"}
