{
 "session_id": "F.CD62UJJO259A4",
 "request": {
  "artifacts": [
   "Linux.Search.FileFinder"
  ],
  "specs": [
   {
    "artifact": "Linux.Search.FileFinder",
    "parameters": {
     "env": [
      {
       "key": "SearchFilesGlob",
       "value": "/tmp/ls*"
      },
      {
       "key": "Upload_File",
       "value": "Y"
      }
     ]
    }
   }
  ]
 },
 "create_time": 1665937230085827918,
 "start_time": 1665937230085827918,
 "total_uploaded_files": 1,
 "total_expected_uploaded_bytes": 12,
 "total_uploaded_bytes": 12,
 "total_collected_rows": 1,
 "total_requests": 17,
 "execution_duration": 94589876,
 "state": 2,
 "artifacts_with_results": [
  "Linux.Search.FileFinder"
 ],
 "query_stats": [
  {
   "duration": 2660868
  },
  {
   "duration": 1077712
  },
  {
   "duration": 5101390
  },
  {
   "duration": 331313
  },
  {
   "duration": 243392
  },
  {
   "duration": 487866
  },
  {
   "duration": 857003
  },
  {
   "duration": 494932
  },
  {
   "duration": 258552
  },
  {
   "duration": 2321765
  },
  {
   "duration": 826475
  },
  {
   "duration": 1131276
  },
  {
   "duration": 538774
  },
  {
   "duration": 626679
  },
  {
   "duration": 2015102
  },
  {
   "duration": 1517217
  },
  {
   "duration": 74099560,
   "names_with_response": [
    "Linux.Search.FileFinder"
   ],
   "log_rows": 2,
   "result_rows": 1
  }
 ]
}