{"_ts":1665937230,"client_time":1665937230,"level":"DEFAULT","message":"Starting collection of Linux.Search.FileFinder\n"}
{"_ts":1665937230,"client_time":1665937230,"level":"DEFAULT","message":"Collecting file /tmp/\"ls\\with\\back:slash\" into /uploads/file/tmp/ls%5Cwith%5Cback%3Aslash (12 bytes)\n"}
{"_ts":1665937230,"client_time":1665937230,"level":"DEFAULT","message":"Collected 1 rows for Linux.Search.FileFinder\n"}
{"_ts":1665937230,"client_time":1665937230,"level":"DEBUG","message":"Query Stats: {\"RowsScanned\":12,\"PluginsCalled\":8,\"FunctionsCalled\":19,\"ProtocolSearch\":248,\"ScopeCopy\":38}\n"}
