{
 "items": [
  {
   "session_id": "F.CD62UJJO259A4",
   "request_id": 1,
   "VQLClientAction": {
    "query_id": 1,
    "total_queries": 1,
    "precondition": "\nSELECT * FROM info() where OS = 'linux'\n",
    "env": [
     {
      "key": "SearchFilesGlob",
      "value": "/tmp/ls*"
     },
     {
      "key": "SearchFilesGlobTable",
      "value": "Glob\n/home/someuser/*\n"
     },
     {
      "key": "YaraRule"
     },
     {
      "key": "Upload_File",
      "value": "Y"
     },
     {
      "key": "Calculate_Hash",
      "value": "N"
     },
     {
      "key": "MoreRecentThan"
     },
     {
      "key": "ModifiedBefore"
     },
     {
      "key": "ExcludePathRegex",
      "value": "^/(proc|sys|run|snap)"
     },
     {
      "key": "LocalFilesystemOnly",
      "value": "Y"
     },
     {
      "key": "OneFilesystem",
      "value": "N"
     },
     {
      "key": "DoNotFollowSymlinks",
      "value": "N"
     }
    ],
    "Query": [
     {
      "VQL": "\nLET SearchFilesGlobTable \u003c= SELECT * FROM if(\n    condition=format(format=\"%T\", args=SearchFilesGlobTable) =~ \"string\",\n    then={SELECT * FROM parse_csv(filename=SearchFilesGlobTable, accessor='data')},\n    else=SearchFilesGlobTable)\n"
     },
     {
      "VQL": "LET Upload_File \u003c= get(field='Upload_File') = TRUE OR get(field='Upload_File') =~ '^(Y|TRUE|YES|OK)$' "
     },
     {
      "VQL": "LET Calculate_Hash \u003c= get(field='Calculate_Hash') = TRUE OR get(field='Calculate_Hash') =~ '^(Y|TRUE|YES|OK)$' "
     },
     {
      "VQL": "LET MoreRecentThan \u003c= timestamp(epoch=MoreRecentThan)"
     },
     {
      "VQL": "LET ModifiedBefore \u003c= timestamp(epoch=ModifiedBefore)"
     },
     {
      "VQL": "LET LocalFilesystemOnly \u003c= get(field='LocalFilesystemOnly') = TRUE OR get(field='LocalFilesystemOnly') =~ '^(Y|TRUE|YES|OK)$' "
     },
     {
      "VQL": "LET OneFilesystem \u003c= get(field='OneFilesystem') = TRUE OR get(field='OneFilesystem') =~ '^(Y|TRUE|YES|OK)$' "
     },
     {
      "VQL": "LET DoNotFollowSymlinks \u003c= get(field='DoNotFollowSymlinks') = TRUE OR get(field='DoNotFollowSymlinks') =~ '^(Y|TRUE|YES|OK)$' "
     },
     {
      "VQL": "LET precondition_Linux_Search_FileFinder_0 = \nSELECT * FROM info() where OS = 'linux'\n"
     },
     {
      "VQL": "LET LocalDeviceMajor\u003c=(253, 7, 8, 9, 11, 65, 66, 67, 68, 69, 70, 71, 128, 129, 130, 131, 132, 133, 134, 135, 202, 253, 254, 259, )"
     },
     {
      "VQL": "LET RecursionCallback=if(condition=LocalFilesystemOnly, then=if(condition=ExcludePathRegex, then=\"x=\u003ex.Data.DevMajor IN LocalDeviceMajor AND NOT x.OSPath =~ ExcludePathRegex\", else=\"x=\u003ex.Data.DevMajor IN LocalDeviceMajor\"), else=if(condition=ExcludePathRegex, then=\"x=\u003eNOT x.OSPath =~ ExcludePathRegex\", else=\"\"))"
     },
     {
      "VQL": "LET file_search=SELECT OSPath, Sys.mft AS Inode, Mode.String AS Mode, Size, Mtime AS MTime, Atime AS ATime, Ctime AS CTime, IsDir, Mode, Data FROM glob(globs=SearchFilesGlobTable.Glob + SearchFilesGlob, recursion_callback=RecursionCallback, one_filesystem=OneFilesystem, accessor=\"file\", nosymlink=DoNotFollowSymlinks)"
     },
     {
      "VQL": "LET more_recent=SELECT * FROM if(condition=MoreRecentThan, then= { SELECT * FROM file_search WHERE MTime \u003e MoreRecentThan}, else= { SELECT * FROM file_search})"
     },
     {
      "VQL": "LET modified_before=SELECT * FROM if(condition=ModifiedBefore, then= { SELECT * FROM more_recent WHERE MTime \u003c ModifiedBefore AND MTime \u003e MoreRecentThan}, else= { SELECT * FROM more_recent})"
     },
     {
      "VQL": "LET keyword_search=SELECT * FROM if(condition=YaraRule, then= { SELECT * FROM foreach(row= { SELECT * FROM modified_before WHERE Mode.IsRegular}, query= { SELECT OSPath, Inode, Mode, Size, ATime, MTime, CTime, str(str=String.Data) AS Keywords FROM yara(files=OSPath, key=\"A\", rules=YaraRule, accessor=\"file\")})}, else= { SELECT *, NULL AS Keywords FROM modified_before})"
     },
     {
      "VQL": "LET Linux_Search_FileFinder_0_6 = SELECT OSPath, Inode, Mode, Size, ATime, MTime, CTime, Keywords, if(condition=Upload_File and Mode.IsRegular, then=upload(file=OSPath, accessor=\"file\")) AS Upload, if(condition=Calculate_Hash and Mode.IsRegular, then=hash(path=OSPath, accessor=\"file\")) AS Hash FROM keyword_search"
     },
     {
      "Name": "Linux.Search.FileFinder",
      "VQL": "SELECT * FROM if(then=Linux_Search_FileFinder_0_6, condition=precondition_Linux_Search_FileFinder_0, else={SELECT * FROM scope() WHERE log(message='Query skipped due to precondition') AND FALSE})"
     }
    ],
    "max_row": 1000
   }
  }
 ]
}