{
 "session_id": "F.1234",
 "request": {
  "artifacts": [
   "Custom.Uploader"
  ],
  "specs": [
   {
    "artifact": "Custom.Uploader",
    "parameters": {
     "env": [
      {
       "key": "Root",
       "value": "/tmp/zip1851312460/Subdir"
      }
     ]
    }
   }
  ]
 },
 "create_time": 1602103388000000000,
 "total_uploaded_files": 1,
 "total_expected_uploaded_bytes": 11,
 "total_uploaded_bytes": 11,
 "total_collected_rows": 2,
 "total_logs": 3,
 "total_requests": 1,
 "state": 2,
 "artifacts_with_results": [
  "Custom.Uploader"
 ],
 "query_stats": [
  {
   "names_with_response": [
    "Custom.Uploader"
   ],
   "log_rows": 3,
   "result_rows": 2
  }
 ]
}