{"_ts":1602103388,"client_time":1602103388,"level":"DEFAULT","message":"Starting collection of Custom.Uploader\n"}
{"_ts":1602103388,"client_time":1602103388,"level":"DEFAULT","message":"Collecting file /tmp/zip1851312460/Subdir/data into /uploads/auto/tmp/zip1851312460/Subdir/data/ (4096 bytes)\n"}
{"_ts":1602103388,"client_time":1602103388,"level":"DEFAULT","message":"Collecting file /tmp/zip1851312460/Subdir/data/hello.txt into /uploads/auto/tmp/zip1851312460/Subdir/data/hello.txt (11 bytes)\n"}
{"_ts":1602103388,"client_time":1602103388,"level":"DEFAULT","message":"Collected 2 rows for Custom.Uploader\n"}
{"_ts":1602103388,"client_time":1602103388,"level":"DEBUG","message":"Query Stats: {\"RowsScanned\":4,\"PluginsCalled\":1,\"FunctionsCalled\":2,\"ProtocolSearch\":231,\"ScopeCopy\":10}\n"}
