{
 "items": [
  {
   "session_id": "F.1234",
   "request_id": 1,
   "VQLClientAction": {
    "query_id": 1,
    "total_queries": 1,
    "env": [
     {
      "key": "Root",
      "value": "/tmp/zip1851312460/Subdir"
     }
    ],
    "Query": [
     {
      "VQL": "LET Custom_Uploader_0_0 = SELECT upload(file=OSPath) AS Upload FROM glob(globs='**', root=Root)"
     },
     {
      "Name": "Custom.Uploader",
      "VQL": "SELECT * FROM Custom_Uploader_0_0"
     }
    ],
    "max_row": 1000
   }
  }
 ]
}